model,dataset,name,train_cindex,test_cindex,pred_vs_gt_index_corr,pred_vs_gt_index_rmse
random-forest,nhanes-synthetic,Intake w.o. W-History,0.8627051672091357,0.8044307278672508,0.829657034204849,0.07098172366772498
random-forest,nhanes-synthetic,Exclude Downstream,0.867251349257788,0.8019762522829929,0.7507948792921337,0.09644520953194172
random-forest,nhanes-synthetic,Intake Only,0.8654459300994995,0.8016548656557986,0.7498043066673749,0.08760146838638824
cox,nhanes-synthetic,Intake Only,0.8088151340167448,0.8025602576969801,0.5263850856108783,0.12163313856990199
cox,nhanes-synthetic,Exclude Downstream,0.8089223966589374,0.8025464839843861,0.5175487371759918,0.12907879065401542
